institution,program,level,local_file,official_url,version_note,retrieved_date
"UC Santa Cruz","Robotics Engineering B.S.","Undergraduate","UCSC_Robotics_Engineering_BS_2025-2026.pdf","https://undergrad.engineering.ucsc.edu/files/2025/09/RE_25-26.pdf","2025-2026 curriculum chart","2026-08-06"
"Carnegie Mellon University","Master of Science in Robotics","Graduate","CMU_MSR_Handbook_2025-2026.pdf","https://www.ri.cmu.edu/app/uploads/2026/04/MSR-Handbook_25-26.pdf","2025-2026 handbook; last updated August 2025","2026-08-06"
"Georgia Institute of Technology","M.S. in Robotics","Graduate","GeorgiaTech_MS_Robotics_Handbook_2025-2026.pdf","https://research.gatech.edu/sites/default/files/2025-08/Robotics%20MS%20Handbook%202025-2026.pdf","2025-2026 handbook; August 2025","2026-08-06"
"University of Michigan","Robotics M.S. and Ph.D.","Graduate","Michigan_Robotics_Graduate_Program_Manual_2026.html","https://docs.google.com/document/d/e/2PACX-1vTCjWRdEl4wM_n4oIU875yAzzG_4tBdmqnJcj4gNntgyG3Q5LY0qw_J_ei5nqmMEi1ljJpfvLbGCzdJ/pub","Live manual snapshot; source updated 2026-01-21","2026-08-06"
"University of Pennsylvania","Robotics M.S.E.","Graduate","UPenn_Robotics_MSE_Catalog.pdf","https://catalog.upenn.edu/graduate/programs/robotics-mse/robotics-mse.pdf","Current catalog snapshot; Fall 2026 entrants and later","2026-08-06"
"Johns Hopkins University","Robotics M.S.E.","Graduate","JohnsHopkins_Robotics_MSE_Catalog.pdf","https://e-catalogue.jhu.edu/engineering/full-time-residential-programs/degree-programs/robotics-computational-sensing/robotics-master-science-engineering/robotics-master-science-engineering.pdf","Current catalogue snapshot","2026-08-06"
"Worcester Polytechnic Institute","Robotics Engineering major","Undergraduate","WPI_Robotics_Engineering_BS_Class_of_2029.pdf","https://www.wpi.edu/sites/default/files/2025-06/RBE-2029_newfillable.pdf","Class of 2029; entering 2025-2026","2026-08-06"
"Oregon State University","Robotics M.Eng., M.S., and Ph.D.","Graduate","OregonState_Robotics_Graduate_Catalog.pdf","https://catalog.oregonstate.edu/college-departments/engineering/school-mechanical-industrial-manufacturing-engineering/robotics-meng-ms-phd/robotics-meng-ms-phd.pdf","Current catalog snapshot","2026-08-06"
"Northwestern University","Robotics Certificate","Undergraduate","Northwestern_Robotics_Certificate_Catalog.pdf","https://catalogs.northwestern.edu/undergraduate/engineering-applied-science/mechanical-engineering/robotics-certificate/robotics-certificate.pdf","Current catalog snapshot; six-unit certificate","2026-08-06"
